Brand,Dealer Name Thai,Location,Dealer Name Eng,Location,Tel,Map,Latitude,Longitude
ISUZU,บริษัท ตรีเพชรอีซูซุเซลส์ จำกัด สำนักงานใหญ่,1088 ถนนวิภาวดีรังสิต แขวงจตุจักร เขตจตุจักร กรุงเทพมหานคร 10900,"Tri Petch Isuzu Sales Co., Ltd. Head Office",1088 Vibhavadi Rangsit Road Chatuchak Chatuchak Bangkok 10900,02-966-2000,https://www.google.com/maps?q=13.8144762,100.5589277,13.8144762,100.5589277
ISUZU,อีซูซุ บางกอก เซลส์ ราชโยธิน,1845/1 ถนนพหลโยธิน แขวงลาดยาว เขตจตุจักร กรุงเทพมหานคร 10900,Isuzu Bangkok Sales - Ratchayothin,1845/1 Phahonyothin Road Lat Yao Chatuchak Bangkok 10900,02-512-0128,https://www.google.com/maps?q=13.8433615,100.5594599,13.8433615,100.5594599
ISUZU,อีซูซุ มหานคร ศรีนครินทร์,55/25 หมู่ 1 ถนนศรีนครินทร์ แขวงหนองบอน เขตประเวศ กรุงเทพมหานคร 10250,Isuzu Mahanakorn - Srinakarin,55/25 M.1 Srinakarin Road Nong Bon Prawet Bangkok 10250,02-322-9922,https://www.google.com/maps?q=13.6779716,100.6629395,13.6779716,100.6629395
ISUZU,อีซูซุ สยามซิตี้ ดอนเมือง,174/46-49 หมู่ 9 ถนนวิภาวดีรังสิต แขวงสีกัน เขตดอนเมือง กรุงเทพมหานคร 10210,Isuzu Siam City - Don Mueang,174/46-49 M.9 Wiphawadi-Rangsit Road Si Kan Don Mueang Bangkok 10210,02-996-7500,https://www.google.com/maps?q=13.9341297,100.5673992,13.9341297,100.5673992
ISUZU,อีซูซุ เมโทร งามวงศ์วาน,128/13 ถนนงามวงศ์วาน แขวงทุ่งสองห้อง เขตหลักสี่ กรุงเทพมหานคร 10210,Isuzu Metro - Ngamwongwan,128/13 Ngamwongwan Road Thung Song Hong Lak Si Bangkok 10210,02-954-1900,https://www.google.com/maps?q=13.8602057,100.5675309,13.8602057,100.5675309
ISUZU,อีซูซุ พระนคร บางซื่อ,666 ถนนประชาราษฎร์สาย 2 แขวงบางซื่อ เขตบางซื่อ กรุงเทพมหานคร 10800,Isuzu Phranakorn - Bang Sue,666 Pracharat Sai 2 Road Bang Sue Bang Sue Bangkok 10800,02-566-0999,https://www.google.com/maps?q=13.7638757,100.6506978,13.7638757,100.6506978
ISUZU,อีซูซุ ออโต้เซ็นเตอร์ สุขาภิบาล 3,647/12 ถนนรามคำแหง แขวงหัวหมาก เขตบางกะปิ กรุงเทพมหานคร 10240,Isuzu Auto Center - Sukhapiban 3,647/12 Ramkhamhaeng Road Hua Mak Bang Kapi Bangkok 10240,02-370-0379,https://www.google.com/maps?q=13.7519327,100.6451940,13.7519327,100.6451940
ISUZU,อีซูซุ สยามซิตี้ บางใหญ่,22 หมู่ 15 ถนนตลิ่งชัน-สุพรรณบุรี ตำบลบางแม่นาง อำเภอบางใหญ่ จังหวัดนนทบุรี 11140,Isuzu Siam City - Bang Yai,22 M.15 Talingchan-Suphanburi Road Bang Mae Nang Bang Yai Nonthaburi 11140,02-926-3131,https://www.google.com/maps?q=13.8511014,100.3914141,13.8511014,100.3914141
ISUZU,อีซูซุ ออโต้เซ็นเตอร์ นนทบุรี,72/23 หมู่ 1 ถนนติวานนท์ ตำบลตลาดขวัญ อำเภอเมืองนนทบุรี จังหวัดนนทบุรี 11000,Isuzu Auto Center - Nonthaburi,72/23 M.1 Tiwanon Road Talat Khwan Mueang Nonthaburi Nonthaburi 11000,02-965-9464,https://www.google.com/maps?q=13.8452098,100.5126460,13.8452098,100.5126460
ISUZU,อีซูซุ พระนคร พหลโยธิน,1269/1 ถนนพหลโยธิน แขวงสามเสนใน เขตพญาไท กรุงเทพมหานคร 10400,Isuzu Phranakorn - Phahonyothin,1269/1 Phahonyothin Road Samsen Nai Phaya Thai Bangkok 10400,1366,https://www.google.com/maps?q=13.7647609,100.5440640,13.7647609,100.5440640
